/*
Post-Deployment Script Template							
--------------------------------------------------------------------------------------
 This file contains SQL statements that will be appended to the build script.		
 Use SQLCMD syntax to include a file in the post-deployment script.			
 Example:      :r .\myfile.sql								
 Use SQLCMD syntax to reference a variable in the post-deployment script.		
 Example:      :setvar TableName MyTable							
               SELECT * FROM [$(TableName)]					
--------------------------------------------------------------------------------------
*/
IF NOT EXISTS (SELECT * FROM [dbo].[umbracoServer])
BEGIN        
    SET IDENTITY_INSERT [dbo].[umbracoUser] ON 

    INSERT [dbo].[umbracoUser] ([id], [userDisabled], [userNoConsole], [userName], [userLogin], [userPassword], [passwordConfig], [userEmail], [userLanguage], [securityStampToken], [failedLoginAttempts], [lastLockoutDate], [lastPasswordChangeDate], [lastLoginDate], [emailConfirmedDate], [invitedDate], [createDate], [updateDate], [avatar], [tourData]) VALUES (-1, 0, 0, N'Admin', N'admin@futurenhs.co.uk', N'AQAAAAEAACcQAAAAEN+FbKYnbqCBOZyJ0yHgRRPHlifkkPovTHdreY98LE0ePrybdnZOVkxg1JGCiFdsQg==', N'{"hashAlgorithm":"PBKDF2.ASPNETCORE.V3"}', N'admin@futurenhs.co.uk', N'en-US', N'FT2HWO72RNDI4FMAPXSUSBZW65JKPBXE', NULL, NULL, CAST(N'2022-04-25T11:40:22.527' AS DateTime), CAST(N'2022-04-25T11:40:39.360' AS DateTime), NULL, NULL, CAST(N'2022-04-25T11:40:20.820' AS DateTime), CAST(N'2022-04-25T11:40:39.370' AS DateTime), NULL, NULL)
    SET IDENTITY_INSERT [dbo].[umbracoUser] OFF

    SET IDENTITY_INSERT [dbo].[umbracoNode] ON 

    INSERT [dbo].[umbracoNode] ([id], [uniqueId], [parentId], [level], [path], [sortOrder], [trashed], [nodeUser], [text], [nodeObjectType], [createDate]) VALUES (-1, N'916724a5-173d-4619-b97e-b9de133dd6f5', -1, 0, N'-1', 0, 0, -1, N'SYSTEM DATA: umbraco master root', N'ea7d8624-4cfe-4578-a871-24aa946bf34d', CAST(N'2022-04-25T11:40:20.857' AS DateTime))
    INSERT [dbo].[umbracoNode] ([id], [uniqueId], [parentId], [level], [path], [sortOrder], [trashed], [nodeUser], [text], [nodeObjectType], [createDate]) VALUES (1044, N'd59be02f-1df9-4228-aa1e-01917d806cda', -1, 1, N'-1,1044', 0, 0, -1, N'Member', N'9b5416fb-e72f-45a9-a07b-5a9a2709ce43', CAST(N'2022-04-25T11:40:20.867' AS DateTime))
    INSERT [dbo].[umbracoNode] ([id], [uniqueId], [parentId], [level], [path], [sortOrder], [trashed], [nodeUser], [text], [nodeObjectType], [createDate]) VALUES (-21, N'bf7c7cbc-952f-4518-97a2-69e9c7b33842', -1, 0, N'-1,-21', 0, 0, -1, N'Recycle Bin', N'cf3d8e34-1c1c-41e9-ae56-878b57b32113', CAST(N'2022-04-25T11:40:20.860' AS DateTime))
    INSERT [dbo].[umbracoNode] ([id], [uniqueId], [parentId], [level], [path], [sortOrder], [trashed], [nodeUser], [text], [nodeObjectType], [createDate]) VALUES (1031, N'f38bd2d7-65d0-48e6-95dc-87ce06ec2d3d', -1, 1, N'-1,1031', 2, 0, -1, N'Folder', N'4ea4382b-2f5a-4c2b-9587-ae9b3cf3602e', CAST(N'2022-04-25T11:40:20.867' AS DateTime))
    INSERT [dbo].[umbracoNode] ([id], [uniqueId], [parentId], [level], [path], [sortOrder], [trashed], [nodeUser], [text], [nodeObjectType], [createDate]) VALUES (1032, N'cc07b313-0843-4aa8-bbda-871c8da728c8', -1, 1, N'-1,1032', 2, 0, -1, N'Image', N'4ea4382b-2f5a-4c2b-9587-ae9b3cf3602e', CAST(N'2022-04-25T11:40:20.867' AS DateTime))
    INSERT [dbo].[umbracoNode] ([id], [uniqueId], [parentId], [level], [path], [sortOrder], [trashed], [nodeUser], [text], [nodeObjectType], [createDate]) VALUES (1033, N'4c52d8ab-54e6-40cd-999c-7a5f24903e4d', -1, 1, N'-1,1033', 2, 0, -1, N'File', N'4ea4382b-2f5a-4c2b-9587-ae9b3cf3602e', CAST(N'2022-04-25T11:40:20.867' AS DateTime))
    INSERT [dbo].[umbracoNode] ([id], [uniqueId], [parentId], [level], [path], [sortOrder], [trashed], [nodeUser], [text], [nodeObjectType], [createDate]) VALUES (1034, N'f6c515bb-653c-4bdc-821c-987729ebe327', -1, 1, N'-1,1034', 2, 0, -1, N'Video', N'4ea4382b-2f5a-4c2b-9587-ae9b3cf3602e', CAST(N'2022-04-25T11:40:20.867' AS DateTime))
    INSERT [dbo].[umbracoNode] ([id], [uniqueId], [parentId], [level], [path], [sortOrder], [trashed], [nodeUser], [text], [nodeObjectType], [createDate]) VALUES (1035, N'a5ddeee0-8fd8-4cee-a658-6f1fcdb00de3', -1, 1, N'-1,1035', 2, 0, -1, N'Audio', N'4ea4382b-2f5a-4c2b-9587-ae9b3cf3602e', CAST(N'2022-04-25T11:40:20.867' AS DateTime))
    INSERT [dbo].[umbracoNode] ([id], [uniqueId], [parentId], [level], [path], [sortOrder], [trashed], [nodeUser], [text], [nodeObjectType], [createDate]) VALUES (1036, N'a43e3414-9599-4230-a7d3-943a21b20122', -1, 1, N'-1,1036', 2, 0, -1, N'Article', N'4ea4382b-2f5a-4c2b-9587-ae9b3cf3602e', CAST(N'2022-04-25T11:40:20.867' AS DateTime))
    INSERT [dbo].[umbracoNode] ([id], [uniqueId], [parentId], [level], [path], [sortOrder], [trashed], [nodeUser], [text], [nodeObjectType], [createDate]) VALUES (1037, N'c4b1efcf-a9d5-41c4-9621-e9d273b52a9c', -1, 1, N'-1,1037', 2, 0, -1, N'Vector Graphics (SVG)', N'4ea4382b-2f5a-4c2b-9587-ae9b3cf3602e', CAST(N'2022-04-25T11:40:20.867' AS DateTime))
    INSERT [dbo].[umbracoNode] ([id], [uniqueId], [parentId], [level], [path], [sortOrder], [trashed], [nodeUser], [text], [nodeObjectType], [createDate]) VALUES (-20, N'0f582a79-1e41-4cf0-bfa0-76340651891a', -1, 0, N'-1,-20', 0, 0, -1, N'Recycle Bin', N'01bb7ff2-24dc-4c0c-95a2-c24ef72bbac8', CAST(N'2022-04-25T11:40:20.860' AS DateTime))
    INSERT [dbo].[umbracoNode] ([id], [uniqueId], [parentId], [level], [path], [sortOrder], [trashed], [nodeUser], [text], [nodeObjectType], [createDate]) VALUES (-103, N'215cb418-2153-4429-9aef-8c0f0041191b', -1, 1, N'-1,-103', 38, 0, -1, N'Upload Vector Graphics', N'30a2a501-1978-4ddb-a57b-f7efed43ba3c', CAST(N'2022-04-25T11:40:20.863' AS DateTime))
    INSERT [dbo].[umbracoNode] ([id], [uniqueId], [parentId], [level], [path], [sortOrder], [trashed], [nodeUser], [text], [nodeObjectType], [createDate]) VALUES (-102, N'bc1e266c-dac4-4164-bf08-8a1ec6a7143d', -1, 1, N'-1,-102', 37, 0, -1, N'Upload Article', N'30a2a501-1978-4ddb-a57b-f7efed43ba3c', CAST(N'2022-04-25T11:40:20.863' AS DateTime))
    INSERT [dbo].[umbracoNode] ([id], [uniqueId], [parentId], [level], [path], [sortOrder], [trashed], [nodeUser], [text], [nodeObjectType], [createDate]) VALUES (-101, N'8f430dd6-4e96-447e-9dc0-cb552c8cd1f3', -1, 1, N'-1,-101', 36, 0, -1, N'Upload Audio', N'30a2a501-1978-4ddb-a57b-f7efed43ba3c', CAST(N'2022-04-25T11:40:20.863' AS DateTime))
    INSERT [dbo].[umbracoNode] ([id], [uniqueId], [parentId], [level], [path], [sortOrder], [trashed], [nodeUser], [text], [nodeObjectType], [createDate]) VALUES (-100, N'70575fe7-9812-4396-bbe1-c81a76db71b5', -1, 1, N'-1,-100', 35, 0, -1, N'Upload Video', N'30a2a501-1978-4ddb-a57b-f7efed43ba3c', CAST(N'2022-04-25T11:40:20.863' AS DateTime))
    INSERT [dbo].[umbracoNode] ([id], [uniqueId], [parentId], [level], [path], [sortOrder], [trashed], [nodeUser], [text], [nodeObjectType], [createDate]) VALUES (-99, N'8f1ef1e1-9de4-40d3-a072-6673f631ca64', -1, 1, N'-1,-99', 39, 0, -1, N'Label (decimal)', N'30a2a501-1978-4ddb-a57b-f7efed43ba3c', CAST(N'2022-04-25T11:40:20.863' AS DateTime))
    INSERT [dbo].[umbracoNode] ([id], [uniqueId], [parentId], [level], [path], [sortOrder], [trashed], [nodeUser], [text], [nodeObjectType], [createDate]) VALUES (-98, N'a97cec69-9b71-4c30-8b12-ec398860d7e8', -1, 1, N'-1,-98', 38, 0, -1, N'Label (time)', N'30a2a501-1978-4ddb-a57b-f7efed43ba3c', CAST(N'2022-04-25T11:40:20.863' AS DateTime))
    INSERT [dbo].[umbracoNode] ([id], [uniqueId], [parentId], [level], [path], [sortOrder], [trashed], [nodeUser], [text], [nodeObjectType], [createDate]) VALUES (-97, N'aa2c52a0-ce87-4e65-a47c-7df09358585d', -1, 1, N'-1,-97', 2, 0, -1, N'List View - Members', N'30a2a501-1978-4ddb-a57b-f7efed43ba3c', CAST(N'2022-04-25T11:40:20.867' AS DateTime))
    INSERT [dbo].[umbracoNode] ([id], [uniqueId], [parentId], [level], [path], [sortOrder], [trashed], [nodeUser], [text], [nodeObjectType], [createDate]) VALUES (-96, N'3a0156c4-3b8c-4803-bdc1-6871faa83fff', -1, 1, N'-1,-96', 2, 0, -1, N'List View - Media', N'30a2a501-1978-4ddb-a57b-f7efed43ba3c', CAST(N'2022-04-25T11:40:20.867' AS DateTime))
    INSERT [dbo].[umbracoNode] ([id], [uniqueId], [parentId], [level], [path], [sortOrder], [trashed], [nodeUser], [text], [nodeObjectType], [createDate]) VALUES (-95, N'c0808dd3-8133-4e4b-8ce8-e2bea84a96a4', -1, 1, N'-1,-95', 2, 0, -1, N'List View - Content', N'30a2a501-1978-4ddb-a57b-f7efed43ba3c', CAST(N'2022-04-25T11:40:20.867' AS DateTime))
    INSERT [dbo].[umbracoNode] ([id], [uniqueId], [parentId], [level], [path], [sortOrder], [trashed], [nodeUser], [text], [nodeObjectType], [createDate]) VALUES (-94, N'0e9794eb-f9b5-4f20-a788-93acd233a7e4', -1, 1, N'-1,-94', 37, 0, -1, N'Label (datetime)', N'30a2a501-1978-4ddb-a57b-f7efed43ba3c', CAST(N'2022-04-25T11:40:20.863' AS DateTime))
    INSERT [dbo].[umbracoNode] ([id], [uniqueId], [parentId], [level], [path], [sortOrder], [trashed], [nodeUser], [text], [nodeObjectType], [createDate]) VALUES (-93, N'930861bf-e262-4ead-a704-f99453565708', -1, 1, N'-1,-93', 36, 0, -1, N'Label (bigint)', N'30a2a501-1978-4ddb-a57b-f7efed43ba3c', CAST(N'2022-04-25T11:40:20.863' AS DateTime))
    INSERT [dbo].[umbracoNode] ([id], [uniqueId], [parentId], [level], [path], [sortOrder], [trashed], [nodeUser], [text], [nodeObjectType], [createDate]) VALUES (-92, N'f0bc4bfb-b499-40d6-ba86-058885a5178c', -1, 1, N'-1,-92', 35, 0, -1, N'Label (string)', N'30a2a501-1978-4ddb-a57b-f7efed43ba3c', CAST(N'2022-04-25T11:40:20.860' AS DateTime))
    INSERT [dbo].[umbracoNode] ([id], [uniqueId], [parentId], [level], [path], [sortOrder], [trashed], [nodeUser], [text], [nodeObjectType], [createDate]) VALUES (-91, N'8e7f995c-bd81-4627-9932-c40e568ec788', -1, 1, N'-1,-91', 36, 0, -1, N'Label (integer)', N'30a2a501-1978-4ddb-a57b-f7efed43ba3c', CAST(N'2022-04-25T11:40:20.860' AS DateTime))
    INSERT [dbo].[umbracoNode] ([id], [uniqueId], [parentId], [level], [path], [sortOrder], [trashed], [nodeUser], [text], [nodeObjectType], [createDate]) VALUES (-90, N'84c6b441-31df-4ffe-b67e-67d5bc3ae65a', -1, 1, N'-1,-90', 34, 0, -1, N'Upload File', N'30a2a501-1978-4ddb-a57b-f7efed43ba3c', CAST(N'2022-04-25T11:40:20.863' AS DateTime))
    INSERT [dbo].[umbracoNode] ([id], [uniqueId], [parentId], [level], [path], [sortOrder], [trashed], [nodeUser], [text], [nodeObjectType], [createDate]) VALUES (-89, N'c6bac0dd-4ab9-45b1-8e30-e4b619ee5da3', -1, 1, N'-1,-89', 33, 0, -1, N'Textarea', N'30a2a501-1978-4ddb-a57b-f7efed43ba3c', CAST(N'2022-04-25T11:40:20.863' AS DateTime))
    INSERT [dbo].[umbracoNode] ([id], [uniqueId], [parentId], [level], [path], [sortOrder], [trashed], [nodeUser], [text], [nodeObjectType], [createDate]) VALUES (-88, N'0cc0eba1-9960-42c9-bf9b-60e150b429ae', -1, 1, N'-1,-88', 32, 0, -1, N'Textstring', N'30a2a501-1978-4ddb-a57b-f7efed43ba3c', CAST(N'2022-04-25T11:40:20.863' AS DateTime))
    INSERT [dbo].[umbracoNode] ([id], [uniqueId], [parentId], [level], [path], [sortOrder], [trashed], [nodeUser], [text], [nodeObjectType], [createDate]) VALUES (-87, N'ca90c950-0aff-4e72-b976-a30b1ac57dad', -1, 1, N'-1,-87', 4, 0, -1, N'Richtext editor', N'30a2a501-1978-4ddb-a57b-f7efed43ba3c', CAST(N'2022-04-25T11:40:20.863' AS DateTime))
    INSERT [dbo].[umbracoNode] ([id], [uniqueId], [parentId], [level], [path], [sortOrder], [trashed], [nodeUser], [text], [nodeObjectType], [createDate]) VALUES (-51, N'2e6d3631-066e-44b8-aec4-96f09099b2b5', -1, 1, N'-1,-51', 2, 0, -1, N'Numeric', N'30a2a501-1978-4ddb-a57b-f7efed43ba3c', CAST(N'2022-04-25T11:40:20.863' AS DateTime))
    INSERT [dbo].[umbracoNode] ([id], [uniqueId], [parentId], [level], [path], [sortOrder], [trashed], [nodeUser], [text], [nodeObjectType], [createDate]) VALUES (-49, N'92897bc6-a5f3-4ffe-ae27-f2e7e33dda49', -1, 1, N'-1,-49', 2, 0, -1, N'True/false', N'30a2a501-1978-4ddb-a57b-f7efed43ba3c', CAST(N'2022-04-25T11:40:20.863' AS DateTime))
    INSERT [dbo].[umbracoNode] ([id], [uniqueId], [parentId], [level], [path], [sortOrder], [trashed], [nodeUser], [text], [nodeObjectType], [createDate]) VALUES (-43, N'fbaf13a8-4036-41f2-93a3-974f678c312a', -1, 1, N'-1,-43', 2, 0, -1, N'Checkbox list', N'30a2a501-1978-4ddb-a57b-f7efed43ba3c', CAST(N'2022-04-25T11:40:20.863' AS DateTime))
    INSERT [dbo].[umbracoNode] ([id], [uniqueId], [parentId], [level], [path], [sortOrder], [trashed], [nodeUser], [text], [nodeObjectType], [createDate]) VALUES (-42, N'f38f0ac7-1d27-439c-9f3f-089cd8825a53', -1, 1, N'-1,-42', 2, 0, -1, N'Dropdown multiple', N'30a2a501-1978-4ddb-a57b-f7efed43ba3c', CAST(N'2022-04-25T11:40:20.867' AS DateTime))
    INSERT [dbo].[umbracoNode] ([id], [uniqueId], [parentId], [level], [path], [sortOrder], [trashed], [nodeUser], [text], [nodeObjectType], [createDate]) VALUES (-41, N'5046194e-4237-453c-a547-15db3a07c4e1', -1, 1, N'-1,-41', 2, 0, -1, N'Date Picker', N'30a2a501-1978-4ddb-a57b-f7efed43ba3c', CAST(N'2022-04-25T11:40:20.863' AS DateTime))
    INSERT [dbo].[umbracoNode] ([id], [uniqueId], [parentId], [level], [path], [sortOrder], [trashed], [nodeUser], [text], [nodeObjectType], [createDate]) VALUES (-40, N'bb5f57c9-ce2b-4bb9-b697-4caca783a805', -1, 1, N'-1,-40', 2, 0, -1, N'Radiobox', N'30a2a501-1978-4ddb-a57b-f7efed43ba3c', CAST(N'2022-04-25T11:40:20.867' AS DateTime))
    INSERT [dbo].[umbracoNode] ([id], [uniqueId], [parentId], [level], [path], [sortOrder], [trashed], [nodeUser], [text], [nodeObjectType], [createDate]) VALUES (-39, N'0b6a45e7-44ba-430d-9da5-4e46060b9e03', -1, 1, N'-1,-39', 2, 0, -1, N'Dropdown', N'30a2a501-1978-4ddb-a57b-f7efed43ba3c', CAST(N'2022-04-25T11:40:20.863' AS DateTime))
    INSERT [dbo].[umbracoNode] ([id], [uniqueId], [parentId], [level], [path], [sortOrder], [trashed], [nodeUser], [text], [nodeObjectType], [createDate]) VALUES (-37, N'0225af17-b302-49cb-9176-b9f35cab9c17', -1, 1, N'-1,-37', 2, 0, -1, N'Approved Color', N'30a2a501-1978-4ddb-a57b-f7efed43ba3c', CAST(N'2022-04-25T11:40:20.867' AS DateTime))
    INSERT [dbo].[umbracoNode] ([id], [uniqueId], [parentId], [level], [path], [sortOrder], [trashed], [nodeUser], [text], [nodeObjectType], [createDate]) VALUES (-36, N'e4d66c0f-b935-4200-81f0-025f7256b89a', -1, 1, N'-1,-36', 2, 0, -1, N'Date Picker with time', N'30a2a501-1978-4ddb-a57b-f7efed43ba3c', CAST(N'2022-04-25T11:40:20.867' AS DateTime))
    INSERT [dbo].[umbracoNode] ([id], [uniqueId], [parentId], [level], [path], [sortOrder], [trashed], [nodeUser], [text], [nodeObjectType], [createDate]) VALUES (1041, N'b6b73142-b9c1-4bf8-a16d-e1c23320b549', -1, 1, N'-1,1041', 2, 0, -1, N'Tags', N'30a2a501-1978-4ddb-a57b-f7efed43ba3c', CAST(N'2022-04-25T11:40:20.867' AS DateTime))
    INSERT [dbo].[umbracoNode] ([id], [uniqueId], [parentId], [level], [path], [sortOrder], [trashed], [nodeUser], [text], [nodeObjectType], [createDate]) VALUES (1043, N'1df9f033-e6d4-451f-b8d2-e0cbc50a836f', -1, 1, N'-1,1043', 2, 0, -1, N'Image Cropper', N'30a2a501-1978-4ddb-a57b-f7efed43ba3c', CAST(N'2022-04-25T11:40:20.867' AS DateTime))
    INSERT [dbo].[umbracoNode] ([id], [uniqueId], [parentId], [level], [path], [sortOrder], [trashed], [nodeUser], [text], [nodeObjectType], [createDate]) VALUES (1046, N'fd1e0da5-5606-4862-b679-5d0cf3a52a59', -1, 1, N'-1,1046', 2, 0, -1, N'Content Picker', N'30a2a501-1978-4ddb-a57b-f7efed43ba3c', CAST(N'2022-04-25T11:40:20.867' AS DateTime))
    INSERT [dbo].[umbracoNode] ([id], [uniqueId], [parentId], [level], [path], [sortOrder], [trashed], [nodeUser], [text], [nodeObjectType], [createDate]) VALUES (1047, N'1ea2e01f-ebd8-4ce1-8d71-6b1149e63548', -1, 1, N'-1,1047', 2, 0, -1, N'Member Picker', N'30a2a501-1978-4ddb-a57b-f7efed43ba3c', CAST(N'2022-04-25T11:40:20.867' AS DateTime))
    INSERT [dbo].[umbracoNode] ([id], [uniqueId], [parentId], [level], [path], [sortOrder], [trashed], [nodeUser], [text], [nodeObjectType], [createDate]) VALUES (1048, N'135d60e0-64d9-49ed-ab08-893c9ba44ae5', -1, 1, N'-1,1048', 2, 0, -1, N'Media Picker (legacy)', N'30a2a501-1978-4ddb-a57b-f7efed43ba3c', CAST(N'2022-04-25T11:40:20.867' AS DateTime))
    INSERT [dbo].[umbracoNode] ([id], [uniqueId], [parentId], [level], [path], [sortOrder], [trashed], [nodeUser], [text], [nodeObjectType], [createDate]) VALUES (1049, N'9dbbcbbb-2327-434a-b355-af1b84e5010a', -1, 1, N'-1,1049', 2, 0, -1, N'Multiple Media Picker (legacy)', N'30a2a501-1978-4ddb-a57b-f7efed43ba3c', CAST(N'2022-04-25T11:40:20.867' AS DateTime))
    INSERT [dbo].[umbracoNode] ([id], [uniqueId], [parentId], [level], [path], [sortOrder], [trashed], [nodeUser], [text], [nodeObjectType], [createDate]) VALUES (1050, N'b4e3535a-1753-47e2-8568-602cf8cfee6f', -1, 1, N'-1,1050', 2, 0, -1, N'Multi URL Picker', N'30a2a501-1978-4ddb-a57b-f7efed43ba3c', CAST(N'2022-04-25T11:40:20.870' AS DateTime))
    INSERT [dbo].[umbracoNode] ([id], [uniqueId], [parentId], [level], [path], [sortOrder], [trashed], [nodeUser], [text], [nodeObjectType], [createDate]) VALUES (1051, N'4309a3ea-0d78-4329-a06c-c80b036af19a', -1, 1, N'-1,1051', 2, 0, -1, N'Media Picker', N'30a2a501-1978-4ddb-a57b-f7efed43ba3c', CAST(N'2022-04-25T11:40:20.870' AS DateTime))
    INSERT [dbo].[umbracoNode] ([id], [uniqueId], [parentId], [level], [path], [sortOrder], [trashed], [nodeUser], [text], [nodeObjectType], [createDate]) VALUES (1052, N'1b661f40-2242-4b44-b9cb-3990ee2b13c0', -1, 1, N'-1,1052', 2, 0, -1, N'Multiple Media Picker', N'30a2a501-1978-4ddb-a57b-f7efed43ba3c', CAST(N'2022-04-25T11:40:20.870' AS DateTime))
    INSERT [dbo].[umbracoNode] ([id], [uniqueId], [parentId], [level], [path], [sortOrder], [trashed], [nodeUser], [text], [nodeObjectType], [createDate]) VALUES (1053, N'ad9f0cf2-bda2-45d5-9ea1-a63cfc873fd3', -1, 1, N'-1,1053', 2, 0, -1, N'Image Media Picker', N'30a2a501-1978-4ddb-a57b-f7efed43ba3c', CAST(N'2022-04-25T11:40:20.870' AS DateTime))
    INSERT [dbo].[umbracoNode] ([id], [uniqueId], [parentId], [level], [path], [sortOrder], [trashed], [nodeUser], [text], [nodeObjectType], [createDate]) VALUES (1054, N'0e63d883-b62b-4799-88c3-157f82e83ecc', -1, 1, N'-1,1054', 2, 0, -1, N'Multiple Image Media Picker', N'30a2a501-1978-4ddb-a57b-f7efed43ba3c', CAST(N'2022-04-25T11:40:20.870' AS DateTime))
    SET IDENTITY_INSERT [dbo].[umbracoNode] OFF

    SET IDENTITY_INSERT [dbo].[cmsContentType] ON 

    INSERT [dbo].[cmsContentType] ([pk], [nodeId], [alias], [icon], [thumbnail], [description], [isContainer], [isElement], [allowAtRoot], [variations]) VALUES (531, 1044, N'Member', N'icon-user', N'icon-user', NULL, 0, 0, 0, 0)
    INSERT [dbo].[cmsContentType] ([pk], [nodeId], [alias], [icon], [thumbnail], [description], [isContainer], [isElement], [allowAtRoot], [variations]) VALUES (532, 1031, N'Folder', N'icon-folder', N'icon-folder', NULL, 0, 0, 1, 0)
    INSERT [dbo].[cmsContentType] ([pk], [nodeId], [alias], [icon], [thumbnail], [description], [isContainer], [isElement], [allowAtRoot], [variations]) VALUES (533, 1032, N'Image', N'icon-picture', N'icon-picture', NULL, 0, 0, 1, 0)
    INSERT [dbo].[cmsContentType] ([pk], [nodeId], [alias], [icon], [thumbnail], [description], [isContainer], [isElement], [allowAtRoot], [variations]) VALUES (534, 1033, N'File', N'icon-document', N'icon-document', NULL, 0, 0, 1, 0)
    INSERT [dbo].[cmsContentType] ([pk], [nodeId], [alias], [icon], [thumbnail], [description], [isContainer], [isElement], [allowAtRoot], [variations]) VALUES (540, 1034, N'umbracoMediaVideo', N'icon-video', N'icon-video', NULL, 0, 0, 1, 0)
    INSERT [dbo].[cmsContentType] ([pk], [nodeId], [alias], [icon], [thumbnail], [description], [isContainer], [isElement], [allowAtRoot], [variations]) VALUES (541, 1035, N'umbracoMediaAudio', N'icon-sound-waves', N'icon-sound-waves', NULL, 0, 0, 1, 0)
    INSERT [dbo].[cmsContentType] ([pk], [nodeId], [alias], [icon], [thumbnail], [description], [isContainer], [isElement], [allowAtRoot], [variations]) VALUES (542, 1036, N'umbracoMediaArticle', N'icon-article', N'icon-article', NULL, 0, 0, 1, 0)
    INSERT [dbo].[cmsContentType] ([pk], [nodeId], [alias], [icon], [thumbnail], [description], [isContainer], [isElement], [allowAtRoot], [variations]) VALUES (543, 1037, N'umbracoMediaVectorGraphics', N'icon-picture', N'icon-picture', NULL, 0, 0, 1, 0)
    SET IDENTITY_INSERT [dbo].[cmsContentType] OFF

    INSERT [dbo].[umbracoDataType] ([nodeId], [propertyEditorAlias], [dbType], [config]) VALUES (-103, N'Umbraco.UploadField', N'Nvarchar', N'{"fileExtensions":[{"id":0, "value":"svg"}]}')
    INSERT [dbo].[umbracoDataType] ([nodeId], [propertyEditorAlias], [dbType], [config]) VALUES (-102, N'Umbraco.UploadField', N'Nvarchar', N'{"fileExtensions":[{"id":0, "value":"pdf"}, {"id":1, "value":"docx"}, {"id":2, "value":"doc"}]}')
    INSERT [dbo].[umbracoDataType] ([nodeId], [propertyEditorAlias], [dbType], [config]) VALUES (-101, N'Umbraco.UploadField', N'Nvarchar', N'{"fileExtensions":[{"id":0, "value":"mp3"}, {"id":1, "value":"weba"}, {"id":2, "value":"oga"}, {"id":3, "value":"opus"}]}')
    INSERT [dbo].[umbracoDataType] ([nodeId], [propertyEditorAlias], [dbType], [config]) VALUES (-100, N'Umbraco.UploadField', N'Nvarchar', N'{"fileExtensions":[{"id":0, "value":"mp4"}, {"id":1, "value":"webm"}, {"id":2, "value":"ogv"}]}')
    INSERT [dbo].[umbracoDataType] ([nodeId], [propertyEditorAlias], [dbType], [config]) VALUES (-99, N'Umbraco.Label', N'Decimal', N'{"umbracoDataValueType":"DECIMAL"}')
    INSERT [dbo].[umbracoDataType] ([nodeId], [propertyEditorAlias], [dbType], [config]) VALUES (-98, N'Umbraco.Label', N'Date', N'{"umbracoDataValueType":"TIME"}')
    INSERT [dbo].[umbracoDataType] ([nodeId], [propertyEditorAlias], [dbType], [config]) VALUES (-97, N'Umbraco.ListView', N'Nvarchar', N'{"pageSize":10, "orderBy":"username", "orderDirection":"asc", "includeProperties":[{"alias":"username","isSystem":1},{"alias":"email","isSystem":1},{"alias":"updateDate","header":"Last edited","isSystem":1}]}')
    INSERT [dbo].[umbracoDataType] ([nodeId], [propertyEditorAlias], [dbType], [config]) VALUES (-96, N'Umbraco.ListView', N'Nvarchar', N'{"pageSize":100, "orderBy":"updateDate", "orderDirection":"desc", "layouts":[{"name": "Grid","path": "views/propertyeditors/listview/layouts/grid/grid.html", "icon": "icon-thumbnails-small", "isSystem": 1, "selected": true},{"name": "List","path": "views/propertyeditors/listview/layouts/list/list.html","icon": "icon-list", "isSystem": 1,"selected": true}], "includeProperties":[{"alias":"updateDate","header":"Last edited","isSystem":1},{"alias":"owner","header":"Updated by","isSystem":1}]}')
    INSERT [dbo].[umbracoDataType] ([nodeId], [propertyEditorAlias], [dbType], [config]) VALUES (-95, N'Umbraco.ListView', N'Nvarchar', N'{"pageSize":100, "orderBy":"updateDate", "orderDirection":"desc", "layouts":[{"name": "Grid","path": "views/propertyeditors/listview/layouts/grid/grid.html", "icon": "icon-thumbnails-small", "isSystem": 1, "selected": true},{"name": "List","path": "views/propertyeditors/listview/layouts/list/list.html","icon": "icon-list", "isSystem": 1,"selected": true}], "includeProperties":[{"alias":"updateDate","header":"Last edited","isSystem":1},{"alias":"owner","header":"Updated by","isSystem":1}]}')
    INSERT [dbo].[umbracoDataType] ([nodeId], [propertyEditorAlias], [dbType], [config]) VALUES (-94, N'Umbraco.Label', N'Date', N'{"umbracoDataValueType":"DATETIME"}')
    INSERT [dbo].[umbracoDataType] ([nodeId], [propertyEditorAlias], [dbType], [config]) VALUES (-93, N'Umbraco.Label', N'Nvarchar', N'{"umbracoDataValueType":"BIGINT"}')
    INSERT [dbo].[umbracoDataType] ([nodeId], [propertyEditorAlias], [dbType], [config]) VALUES (-92, N'Umbraco.Label', N'Nvarchar', N'{"umbracoDataValueType":"STRING"}')
    INSERT [dbo].[umbracoDataType] ([nodeId], [propertyEditorAlias], [dbType], [config]) VALUES (-91, N'Umbraco.Label', N'Integer', N'{"umbracoDataValueType":"INT"}')
    INSERT [dbo].[umbracoDataType] ([nodeId], [propertyEditorAlias], [dbType], [config]) VALUES (-90, N'Umbraco.UploadField', N'Nvarchar', NULL)
    INSERT [dbo].[umbracoDataType] ([nodeId], [propertyEditorAlias], [dbType], [config]) VALUES (-89, N'Umbraco.TextArea', N'Ntext', NULL)
    INSERT [dbo].[umbracoDataType] ([nodeId], [propertyEditorAlias], [dbType], [config]) VALUES (-88, N'Umbraco.TextBox', N'Nvarchar', NULL)
    INSERT [dbo].[umbracoDataType] ([nodeId], [propertyEditorAlias], [dbType], [config]) VALUES (-87, N'Umbraco.TinyMCE', N'Ntext', N'{"value":",code,undo,redo,cut,copy,mcepasteword,stylepicker,bold,italic,bullist,numlist,outdent,indent,mcelink,unlink,mceinsertanchor,mceimage,umbracomacro,mceinserttable,umbracoembed,mcecharmap,|1|1,2,3,|0|500,400|1049,|true|"}')
    INSERT [dbo].[umbracoDataType] ([nodeId], [propertyEditorAlias], [dbType], [config]) VALUES (-51, N'Umbraco.Integer', N'Integer', NULL)
    INSERT [dbo].[umbracoDataType] ([nodeId], [propertyEditorAlias], [dbType], [config]) VALUES (-49, N'Umbraco.TrueFalse', N'Integer', NULL)
    INSERT [dbo].[umbracoDataType] ([nodeId], [propertyEditorAlias], [dbType], [config]) VALUES (-43, N'Umbraco.CheckBoxList', N'Nvarchar', NULL)
    INSERT [dbo].[umbracoDataType] ([nodeId], [propertyEditorAlias], [dbType], [config]) VALUES (-42, N'Umbraco.DropDown.Flexible', N'Nvarchar', N'{"multiple":true}')
    INSERT [dbo].[umbracoDataType] ([nodeId], [propertyEditorAlias], [dbType], [config]) VALUES (-41, N'Umbraco.DateTime', N'Date', N'{"format":"YYYY-MM-DD"}')
    INSERT [dbo].[umbracoDataType] ([nodeId], [propertyEditorAlias], [dbType], [config]) VALUES (-40, N'Umbraco.RadioButtonList', N'Nvarchar', NULL)
    INSERT [dbo].[umbracoDataType] ([nodeId], [propertyEditorAlias], [dbType], [config]) VALUES (-39, N'Umbraco.DropDown.Flexible', N'Nvarchar', N'{"multiple":false}')
    INSERT [dbo].[umbracoDataType] ([nodeId], [propertyEditorAlias], [dbType], [config]) VALUES (-37, N'Umbraco.ColorPicker', N'Nvarchar', NULL)
    INSERT [dbo].[umbracoDataType] ([nodeId], [propertyEditorAlias], [dbType], [config]) VALUES (-36, N'Umbraco.DateTime', N'Date', NULL)
    INSERT [dbo].[umbracoDataType] ([nodeId], [propertyEditorAlias], [dbType], [config]) VALUES (1041, N'Umbraco.Tags', N'Ntext', N'{"group":"default", "storageType":"Json"}')
    INSERT [dbo].[umbracoDataType] ([nodeId], [propertyEditorAlias], [dbType], [config]) VALUES (1043, N'Umbraco.ImageCropper', N'Ntext', NULL)
    INSERT [dbo].[umbracoDataType] ([nodeId], [propertyEditorAlias], [dbType], [config]) VALUES (1046, N'Umbraco.ContentPicker', N'Nvarchar', NULL)
    INSERT [dbo].[umbracoDataType] ([nodeId], [propertyEditorAlias], [dbType], [config]) VALUES (1047, N'Umbraco.MemberPicker', N'Nvarchar', NULL)
    INSERT [dbo].[umbracoDataType] ([nodeId], [propertyEditorAlias], [dbType], [config]) VALUES (1048, N'Umbraco.MediaPicker', N'Ntext', NULL)
    INSERT [dbo].[umbracoDataType] ([nodeId], [propertyEditorAlias], [dbType], [config]) VALUES (1049, N'Umbraco.MediaPicker', N'Ntext', N'{"multiPicker":1}')
    INSERT [dbo].[umbracoDataType] ([nodeId], [propertyEditorAlias], [dbType], [config]) VALUES (1050, N'Umbraco.MultiUrlPicker', N'Ntext', NULL)
    INSERT [dbo].[umbracoDataType] ([nodeId], [propertyEditorAlias], [dbType], [config]) VALUES (1051, N'Umbraco.MediaPicker3', N'Ntext', N'{"multiple": false, "validationLimit":{"min":0,"max":1}}')
    INSERT [dbo].[umbracoDataType] ([nodeId], [propertyEditorAlias], [dbType], [config]) VALUES (1052, N'Umbraco.MediaPicker3', N'Ntext', N'{"multiple": true}')
    INSERT [dbo].[umbracoDataType] ([nodeId], [propertyEditorAlias], [dbType], [config]) VALUES (1053, N'Umbraco.MediaPicker3', N'Ntext', N'{"filter":"Image", "multiple": false, "validationLimit":{"min":0,"max":1}}')
    INSERT [dbo].[umbracoDataType] ([nodeId], [propertyEditorAlias], [dbType], [config]) VALUES (1054, N'Umbraco.MediaPicker3', N'Ntext', N'{"filter":"Image", "multiple": true}')

    SET IDENTITY_INSERT [dbo].[cmsPropertyTypeGroup] ON 

    INSERT [dbo].[cmsPropertyTypeGroup] ([id], [uniqueID], [contenttypeNodeId], [type], [text], [alias], [sortorder]) VALUES (3, N'79ed4d07-254a-42cf-8fa9-ebe1c116a596', 1032, 0, N'Image', N'image', 1)
    INSERT [dbo].[cmsPropertyTypeGroup] ([id], [uniqueID], [contenttypeNodeId], [type], [text], [alias], [sortorder]) VALUES (4, N'50899f9c-023a-4466-b623-aba9049885fe', 1033, 0, N'File', N'file', 1)
    INSERT [dbo].[cmsPropertyTypeGroup] ([id], [uniqueID], [contenttypeNodeId], [type], [text], [alias], [sortorder]) VALUES (11, N'0756729d-d665-46e3-b84a-37aceaa614f8', 1044, 0, N'Membership', N'membership', 1)
    INSERT [dbo].[cmsPropertyTypeGroup] ([id], [uniqueID], [contenttypeNodeId], [type], [text], [alias], [sortorder]) VALUES (52, N'2f0a61b6-cf92-4ff4-b437-751ab35eb254', 1034, 0, N'Video', N'video', 1)
    INSERT [dbo].[cmsPropertyTypeGroup] ([id], [uniqueID], [contenttypeNodeId], [type], [text], [alias], [sortorder]) VALUES (53, N'335fb495-0a87-4e82-b902-30eb367b767c', 1035, 0, N'Audio', N'audio', 1)
    INSERT [dbo].[cmsPropertyTypeGroup] ([id], [uniqueID], [contenttypeNodeId], [type], [text], [alias], [sortorder]) VALUES (54, N'9af3bd65-f687-4453-9518-5f180d1898ec', 1036, 0, N'Article', N'article', 1)
    INSERT [dbo].[cmsPropertyTypeGroup] ([id], [uniqueID], [contenttypeNodeId], [type], [text], [alias], [sortorder]) VALUES (55, N'f199b4d7-9e84-439f-8531-f87d9af37711', 1037, 0, N'Vector Graphics', N'vectorGraphics', 1)
    SET IDENTITY_INSERT [dbo].[cmsPropertyTypeGroup] OFF

    SET IDENTITY_INSERT [dbo].[cmsPropertyType] ON 

    INSERT [dbo].[cmsPropertyType] ([id], [dataTypeId], [contentTypeId], [propertyTypeGroupId], [Alias], [Name], [sortOrder], [mandatory], [mandatoryMessage], [validationRegExp], [validationRegExpMessage], [Description], [labelOnTop], [variations], [UniqueID]) VALUES (6, 1043, 1032, 3, N'umbracoFile', N'Image', 0, 1, NULL, NULL, NULL, NULL, 0, 0, N'00000006-0000-0000-0000-000000000000')
    INSERT [dbo].[cmsPropertyType] ([id], [dataTypeId], [contentTypeId], [propertyTypeGroupId], [Alias], [Name], [sortOrder], [mandatory], [mandatoryMessage], [validationRegExp], [validationRegExpMessage], [Description], [labelOnTop], [variations], [UniqueID]) VALUES (7, -91, 1032, 3, N'umbracoWidth', N'Width', 0, 0, NULL, NULL, NULL, N'in pixels', 0, 0, N'00000007-0000-0000-0000-000000000000')
    INSERT [dbo].[cmsPropertyType] ([id], [dataTypeId], [contentTypeId], [propertyTypeGroupId], [Alias], [Name], [sortOrder], [mandatory], [mandatoryMessage], [validationRegExp], [validationRegExpMessage], [Description], [labelOnTop], [variations], [UniqueID]) VALUES (8, -91, 1032, 3, N'umbracoHeight', N'Height', 0, 0, NULL, NULL, NULL, N'in pixels', 0, 0, N'00000008-0000-0000-0000-000000000000')
    INSERT [dbo].[cmsPropertyType] ([id], [dataTypeId], [contentTypeId], [propertyTypeGroupId], [Alias], [Name], [sortOrder], [mandatory], [mandatoryMessage], [validationRegExp], [validationRegExpMessage], [Description], [labelOnTop], [variations], [UniqueID]) VALUES (9, -93, 1032, 3, N'umbracoBytes', N'Size', 0, 0, NULL, NULL, NULL, N'in bytes', 0, 0, N'00000009-0000-0000-0000-000000000000')
    INSERT [dbo].[cmsPropertyType] ([id], [dataTypeId], [contentTypeId], [propertyTypeGroupId], [Alias], [Name], [sortOrder], [mandatory], [mandatoryMessage], [validationRegExp], [validationRegExpMessage], [Description], [labelOnTop], [variations], [UniqueID]) VALUES (10, -92, 1032, 3, N'umbracoExtension', N'Type', 0, 0, NULL, NULL, NULL, NULL, 0, 0, N'0000000a-0000-0000-0000-000000000000')
    INSERT [dbo].[cmsPropertyType] ([id], [dataTypeId], [contentTypeId], [propertyTypeGroupId], [Alias], [Name], [sortOrder], [mandatory], [mandatoryMessage], [validationRegExp], [validationRegExpMessage], [Description], [labelOnTop], [variations], [UniqueID]) VALUES (24, -90, 1033, 4, N'umbracoFile', N'File', 0, 1, NULL, NULL, NULL, NULL, 0, 0, N'00000018-0000-0000-0000-000000000000')
    INSERT [dbo].[cmsPropertyType] ([id], [dataTypeId], [contentTypeId], [propertyTypeGroupId], [Alias], [Name], [sortOrder], [mandatory], [mandatoryMessage], [validationRegExp], [validationRegExpMessage], [Description], [labelOnTop], [variations], [UniqueID]) VALUES (25, -92, 1033, 4, N'umbracoExtension', N'Type', 0, 0, NULL, NULL, NULL, NULL, 0, 0, N'00000019-0000-0000-0000-000000000000')
    INSERT [dbo].[cmsPropertyType] ([id], [dataTypeId], [contentTypeId], [propertyTypeGroupId], [Alias], [Name], [sortOrder], [mandatory], [mandatoryMessage], [validationRegExp], [validationRegExpMessage], [Description], [labelOnTop], [variations], [UniqueID]) VALUES (26, -93, 1033, 4, N'umbracoBytes', N'Size', 0, 0, NULL, NULL, NULL, N'in bytes', 0, 0, N'0000001a-0000-0000-0000-000000000000')
    INSERT [dbo].[cmsPropertyType] ([id], [dataTypeId], [contentTypeId], [propertyTypeGroupId], [Alias], [Name], [sortOrder], [mandatory], [mandatoryMessage], [validationRegExp], [validationRegExpMessage], [Description], [labelOnTop], [variations], [UniqueID]) VALUES (28, -89, 1044, 11, N'umbracoMemberComments', N'Comments', 0, 0, NULL, NULL, NULL, NULL, 0, 0, N'0000001c-0000-0000-0000-000000000000')
    INSERT [dbo].[cmsPropertyType] ([id], [dataTypeId], [contentTypeId], [propertyTypeGroupId], [Alias], [Name], [sortOrder], [mandatory], [mandatoryMessage], [validationRegExp], [validationRegExpMessage], [Description], [labelOnTop], [variations], [UniqueID]) VALUES (29, -91, 1044, 11, N'umbracoMemberFailedPasswordAttempts', N'Failed Password Attempts', 1, 0, NULL, NULL, NULL, NULL, 0, 0, N'0000001d-0000-0000-0000-000000000000')
    INSERT [dbo].[cmsPropertyType] ([id], [dataTypeId], [contentTypeId], [propertyTypeGroupId], [Alias], [Name], [sortOrder], [mandatory], [mandatoryMessage], [validationRegExp], [validationRegExpMessage], [Description], [labelOnTop], [variations], [UniqueID]) VALUES (30, -49, 1044, 11, N'umbracoMemberApproved', N'Is Approved', 2, 0, NULL, NULL, NULL, NULL, 0, 0, N'0000001e-0000-0000-0000-000000000000')
    INSERT [dbo].[cmsPropertyType] ([id], [dataTypeId], [contentTypeId], [propertyTypeGroupId], [Alias], [Name], [sortOrder], [mandatory], [mandatoryMessage], [validationRegExp], [validationRegExpMessage], [Description], [labelOnTop], [variations], [UniqueID]) VALUES (31, -49, 1044, 11, N'umbracoMemberLockedOut', N'Is Locked Out', 3, 0, NULL, NULL, NULL, NULL, 0, 0, N'0000001f-0000-0000-0000-000000000000')
    INSERT [dbo].[cmsPropertyType] ([id], [dataTypeId], [contentTypeId], [propertyTypeGroupId], [Alias], [Name], [sortOrder], [mandatory], [mandatoryMessage], [validationRegExp], [validationRegExpMessage], [Description], [labelOnTop], [variations], [UniqueID]) VALUES (32, -94, 1044, 11, N'umbracoMemberLastLockoutDate', N'Last Lockout Date', 4, 0, NULL, NULL, NULL, NULL, 0, 0, N'00000020-0000-0000-0000-000000000000')
    INSERT [dbo].[cmsPropertyType] ([id], [dataTypeId], [contentTypeId], [propertyTypeGroupId], [Alias], [Name], [sortOrder], [mandatory], [mandatoryMessage], [validationRegExp], [validationRegExpMessage], [Description], [labelOnTop], [variations], [UniqueID]) VALUES (33, -94, 1044, 11, N'umbracoMemberLastLogin', N'Last Login Date', 5, 0, NULL, NULL, NULL, NULL, 0, 0, N'00000021-0000-0000-0000-000000000000')
    INSERT [dbo].[cmsPropertyType] ([id], [dataTypeId], [contentTypeId], [propertyTypeGroupId], [Alias], [Name], [sortOrder], [mandatory], [mandatoryMessage], [validationRegExp], [validationRegExpMessage], [Description], [labelOnTop], [variations], [UniqueID]) VALUES (34, -94, 1044, 11, N'umbracoMemberLastPasswordChangeDate', N'Last Password Change Date', 6, 0, NULL, NULL, NULL, NULL, 0, 0, N'00000022-0000-0000-0000-000000000000')
    INSERT [dbo].[cmsPropertyType] ([id], [dataTypeId], [contentTypeId], [propertyTypeGroupId], [Alias], [Name], [sortOrder], [mandatory], [mandatoryMessage], [validationRegExp], [validationRegExpMessage], [Description], [labelOnTop], [variations], [UniqueID]) VALUES (40, -100, 1034, 52, N'umbracoFile', N'Video', 0, 1, NULL, NULL, NULL, NULL, 0, 0, N'00000028-0000-0000-0000-000000000000')
    INSERT [dbo].[cmsPropertyType] ([id], [dataTypeId], [contentTypeId], [propertyTypeGroupId], [Alias], [Name], [sortOrder], [mandatory], [mandatoryMessage], [validationRegExp], [validationRegExpMessage], [Description], [labelOnTop], [variations], [UniqueID]) VALUES (41, -92, 1034, 52, N'umbracoExtension', N'Type', 0, 0, NULL, NULL, NULL, NULL, 0, 0, N'00000029-0000-0000-0000-000000000000')
    INSERT [dbo].[cmsPropertyType] ([id], [dataTypeId], [contentTypeId], [propertyTypeGroupId], [Alias], [Name], [sortOrder], [mandatory], [mandatoryMessage], [validationRegExp], [validationRegExpMessage], [Description], [labelOnTop], [variations], [UniqueID]) VALUES (42, -93, 1034, 52, N'umbracoBytes', N'Size', 0, 0, NULL, NULL, NULL, N'in bytes', 0, 0, N'0000002a-0000-0000-0000-000000000000')
    INSERT [dbo].[cmsPropertyType] ([id], [dataTypeId], [contentTypeId], [propertyTypeGroupId], [Alias], [Name], [sortOrder], [mandatory], [mandatoryMessage], [validationRegExp], [validationRegExpMessage], [Description], [labelOnTop], [variations], [UniqueID]) VALUES (43, -101, 1035, 53, N'umbracoFile', N'Audio', 0, 1, NULL, NULL, NULL, NULL, 0, 0, N'0000002b-0000-0000-0000-000000000000')
    INSERT [dbo].[cmsPropertyType] ([id], [dataTypeId], [contentTypeId], [propertyTypeGroupId], [Alias], [Name], [sortOrder], [mandatory], [mandatoryMessage], [validationRegExp], [validationRegExpMessage], [Description], [labelOnTop], [variations], [UniqueID]) VALUES (44, -92, 1035, 53, N'umbracoExtension', N'Type', 0, 0, NULL, NULL, NULL, NULL, 0, 0, N'0000002c-0000-0000-0000-000000000000')
    INSERT [dbo].[cmsPropertyType] ([id], [dataTypeId], [contentTypeId], [propertyTypeGroupId], [Alias], [Name], [sortOrder], [mandatory], [mandatoryMessage], [validationRegExp], [validationRegExpMessage], [Description], [labelOnTop], [variations], [UniqueID]) VALUES (45, -93, 1035, 53, N'umbracoBytes', N'Size', 0, 0, NULL, NULL, NULL, N'in bytes', 0, 0, N'0000002d-0000-0000-0000-000000000000')
    INSERT [dbo].[cmsPropertyType] ([id], [dataTypeId], [contentTypeId], [propertyTypeGroupId], [Alias], [Name], [sortOrder], [mandatory], [mandatoryMessage], [validationRegExp], [validationRegExpMessage], [Description], [labelOnTop], [variations], [UniqueID]) VALUES (46, -102, 1036, 54, N'umbracoFile', N'Article', 0, 1, NULL, NULL, NULL, NULL, 0, 0, N'0000002e-0000-0000-0000-000000000000')
    INSERT [dbo].[cmsPropertyType] ([id], [dataTypeId], [contentTypeId], [propertyTypeGroupId], [Alias], [Name], [sortOrder], [mandatory], [mandatoryMessage], [validationRegExp], [validationRegExpMessage], [Description], [labelOnTop], [variations], [UniqueID]) VALUES (47, -92, 1036, 54, N'umbracoExtension', N'Type', 0, 0, NULL, NULL, NULL, NULL, 0, 0, N'0000002f-0000-0000-0000-000000000000')
    INSERT [dbo].[cmsPropertyType] ([id], [dataTypeId], [contentTypeId], [propertyTypeGroupId], [Alias], [Name], [sortOrder], [mandatory], [mandatoryMessage], [validationRegExp], [validationRegExpMessage], [Description], [labelOnTop], [variations], [UniqueID]) VALUES (48, -93, 1036, 54, N'umbracoBytes', N'Size', 0, 0, NULL, NULL, NULL, N'in bytes', 0, 0, N'00000030-0000-0000-0000-000000000000')
    INSERT [dbo].[cmsPropertyType] ([id], [dataTypeId], [contentTypeId], [propertyTypeGroupId], [Alias], [Name], [sortOrder], [mandatory], [mandatoryMessage], [validationRegExp], [validationRegExpMessage], [Description], [labelOnTop], [variations], [UniqueID]) VALUES (49, -103, 1037, 55, N'umbracoFile', N'Vector Graphics', 0, 1, NULL, NULL, NULL, NULL, 0, 0, N'00000031-0000-0000-0000-000000000000')
    INSERT [dbo].[cmsPropertyType] ([id], [dataTypeId], [contentTypeId], [propertyTypeGroupId], [Alias], [Name], [sortOrder], [mandatory], [mandatoryMessage], [validationRegExp], [validationRegExpMessage], [Description], [labelOnTop], [variations], [UniqueID]) VALUES (50, -92, 1037, 55, N'umbracoExtension', N'Type', 0, 0, NULL, NULL, NULL, NULL, 0, 0, N'00000032-0000-0000-0000-000000000000')
    INSERT [dbo].[cmsPropertyType] ([id], [dataTypeId], [contentTypeId], [propertyTypeGroupId], [Alias], [Name], [sortOrder], [mandatory], [mandatoryMessage], [validationRegExp], [validationRegExpMessage], [Description], [labelOnTop], [variations], [UniqueID]) VALUES (51, -93, 1037, 55, N'umbracoBytes', N'Size', 0, 0, NULL, NULL, NULL, N'in bytes', 0, 0, N'00000033-0000-0000-0000-000000000000')
    SET IDENTITY_INSERT [dbo].[cmsPropertyType] OFF

    SET IDENTITY_INSERT [dbo].[umbracoLanguage] ON 

    INSERT [dbo].[umbracoLanguage] ([id], [languageISOCode], [languageCultureName], [isDefaultVariantLang], [mandatory], [fallbackLanguageId]) VALUES (1, N'en-US', N'English (United States)', 1, 0, NULL)
    SET IDENTITY_INSERT [dbo].[umbracoLanguage] OFF

    SET IDENTITY_INSERT [dbo].[umbracoRelationType] ON 

    INSERT [dbo].[umbracoRelationType] ([id], [typeUniqueId], [dual], [parentObjectType], [childObjectType], [name], [alias]) VALUES (1, N'4cbeb612-e689-3563-b755-bf3ede295433', 1, N'c66ba18e-eaf3-4cff-8a22-41b16d66a972', N'c66ba18e-eaf3-4cff-8a22-41b16d66a972', N'Relate Document On Copy', N'relateDocumentOnCopy')
    INSERT [dbo].[umbracoRelationType] ([id], [typeUniqueId], [dual], [parentObjectType], [childObjectType], [name], [alias]) VALUES (2, N'0cc3507c-66ab-3091-8913-3d998148e423', 0, N'c66ba18e-eaf3-4cff-8a22-41b16d66a972', N'c66ba18e-eaf3-4cff-8a22-41b16d66a972', N'Relate Parent Document On Delete', N'relateParentDocumentOnDelete')
    INSERT [dbo].[umbracoRelationType] ([id], [typeUniqueId], [dual], [parentObjectType], [childObjectType], [name], [alias]) VALUES (3, N'8307994f-faf2-3844-bab9-72d34514edf2', 0, N'b796f64c-1f99-4ffb-b886-4bf4bc011a9c', N'b796f64c-1f99-4ffb-b886-4bf4bc011a9c', N'Relate Parent Media Folder On Delete', N'relateParentMediaFolderOnDelete')
    INSERT [dbo].[umbracoRelationType] ([id], [typeUniqueId], [dual], [parentObjectType], [childObjectType], [name], [alias]) VALUES (4, N'4954ce93-3bf9-3d1e-9cd2-21bf9f9c2abf', 0, NULL, NULL, N'Related Media', N'umbMedia')
    INSERT [dbo].[umbracoRelationType] ([id], [typeUniqueId], [dual], [parentObjectType], [childObjectType], [name], [alias]) VALUES (5, N'0b93e414-5abe-36ec-a6bb-516e56f12238', 0, NULL, NULL, N'Related Document', N'umbDocument')
    SET IDENTITY_INSERT [dbo].[umbracoRelationType] OFF

    SET IDENTITY_INSERT [dbo].[umbracoUserGroup] ON 

    INSERT [dbo].[umbracoUserGroup] ([id], [userGroupAlias], [userGroupName], [userGroupDefaultPermissions], [createDate], [updateDate], [icon], [startContentId], [startMediaId]) VALUES (1, N'admin', N'Administrators', N'CADMOSKTPIURZ:5F7ïN', CAST(N'2022-04-25T11:40:21.110' AS DateTime), CAST(N'2022-04-25T11:40:21.110' AS DateTime), N'icon-medal', -1, -1)
    INSERT [dbo].[umbracoUserGroup] ([id], [userGroupAlias], [userGroupName], [userGroupDefaultPermissions], [createDate], [updateDate], [icon], [startContentId], [startMediaId]) VALUES (2, N'writer', N'Writers', N'CAH:FN', CAST(N'2022-04-25T11:40:21.137' AS DateTime), CAST(N'2022-04-25T11:40:21.137' AS DateTime), N'icon-edit', -1, -1)
    INSERT [dbo].[umbracoUserGroup] ([id], [userGroupAlias], [userGroupName], [userGroupDefaultPermissions], [createDate], [updateDate], [icon], [startContentId], [startMediaId]) VALUES (3, N'editor', N'Editors', N'CADMOSKTPUZ:5FïN', CAST(N'2022-04-25T11:40:21.137' AS DateTime), CAST(N'2022-04-25T11:40:21.137' AS DateTime), N'icon-tools', -1, -1)
    INSERT [dbo].[umbracoUserGroup] ([id], [userGroupAlias], [userGroupName], [userGroupDefaultPermissions], [createDate], [updateDate], [icon], [startContentId], [startMediaId]) VALUES (4, N'translator', N'Translators', N'AF', CAST(N'2022-04-25T11:40:21.137' AS DateTime), CAST(N'2022-04-25T11:40:21.137' AS DateTime), N'icon-globe', -1, -1)
    INSERT [dbo].[umbracoUserGroup] ([id], [userGroupAlias], [userGroupName], [userGroupDefaultPermissions], [createDate], [updateDate], [icon], [startContentId], [startMediaId]) VALUES (5, N'sensitiveData', N'Sensitive data', N'', CAST(N'2022-04-25T11:40:21.137' AS DateTime), CAST(N'2022-04-25T11:40:21.137' AS DateTime), N'icon-lock', -1, -1)
    SET IDENTITY_INSERT [dbo].[umbracoUserGroup] OFF

    INSERT [dbo].[umbracoUser2UserGroup] ([userId], [userGroupId]) VALUES (-1, 1)
    INSERT [dbo].[umbracoUser2UserGroup] ([userId], [userGroupId]) VALUES (-1, 5)

    INSERT [dbo].[umbracoUserLogin] ([sessionId], [userId], [loggedInUtc], [lastValidatedUtc], [loggedOutUtc], [ipAddress]) VALUES (N'91064887-039b-4ea1-a305-b5684b5696bd', -1, CAST(N'2022-04-25T10:40:39.387' AS DateTime), CAST(N'2022-04-25T11:09:23.833' AS DateTime), NULL, N'::1')

    INSERT [dbo].[cmsContentTypeAllowedContentType] ([Id], [AllowedId], [SortOrder]) VALUES (1031, 1031, 0)
    INSERT [dbo].[cmsContentTypeAllowedContentType] ([Id], [AllowedId], [SortOrder]) VALUES (1031, 1032, 0)
    INSERT [dbo].[cmsContentTypeAllowedContentType] ([Id], [AllowedId], [SortOrder]) VALUES (1031, 1033, 0)
    INSERT [dbo].[cmsContentTypeAllowedContentType] ([Id], [AllowedId], [SortOrder]) VALUES (1031, 1034, 0)
    INSERT [dbo].[cmsContentTypeAllowedContentType] ([Id], [AllowedId], [SortOrder]) VALUES (1031, 1035, 0)
    INSERT [dbo].[cmsContentTypeAllowedContentType] ([Id], [AllowedId], [SortOrder]) VALUES (1031, 1036, 0)
    INSERT [dbo].[cmsContentTypeAllowedContentType] ([Id], [AllowedId], [SortOrder]) VALUES (1031, 1037, 0)

    INSERT [dbo].[umbracoUserGroup2App] ([userGroupId], [app]) VALUES (1, N'content')
    INSERT [dbo].[umbracoUserGroup2App] ([userGroupId], [app]) VALUES (1, N'forms')
    INSERT [dbo].[umbracoUserGroup2App] ([userGroupId], [app]) VALUES (1, N'media')
    INSERT [dbo].[umbracoUserGroup2App] ([userGroupId], [app]) VALUES (1, N'member')
    INSERT [dbo].[umbracoUserGroup2App] ([userGroupId], [app]) VALUES (1, N'packages')
    INSERT [dbo].[umbracoUserGroup2App] ([userGroupId], [app]) VALUES (1, N'settings')
    INSERT [dbo].[umbracoUserGroup2App] ([userGroupId], [app]) VALUES (1, N'translation')
    INSERT [dbo].[umbracoUserGroup2App] ([userGroupId], [app]) VALUES (1, N'users')
    INSERT [dbo].[umbracoUserGroup2App] ([userGroupId], [app]) VALUES (2, N'content')
    INSERT [dbo].[umbracoUserGroup2App] ([userGroupId], [app]) VALUES (3, N'content')
    INSERT [dbo].[umbracoUserGroup2App] ([userGroupId], [app]) VALUES (3, N'forms')
    INSERT [dbo].[umbracoUserGroup2App] ([userGroupId], [app]) VALUES (3, N'media')
    INSERT [dbo].[umbracoUserGroup2App] ([userGroupId], [app]) VALUES (4, N'translation')

    SET IDENTITY_INSERT [dbo].[umbracoAudit] ON 

    INSERT [dbo].[umbracoAudit] ([id], [performingUserId], [performingDetails], [performingIp], [eventDateUtc], [affectedUserId], [affectedDetails], [eventType], [eventDetails]) VALUES (1, 0, N'User "SYSTEM" ', N'::1', CAST(N'2022-04-25T10:40:22.410' AS DateTime), -1, N'User "Admin" <admin@futurenhs.co.uk>', N'umbraco/user/save', N'updating Email, Name, Username, UpdateDate, SecurityStamp')
    INSERT [dbo].[umbracoAudit] ([id], [performingUserId], [performingDetails], [performingIp], [eventDateUtc], [affectedUserId], [affectedDetails], [eventType], [eventDetails]) VALUES (2, 0, N'User "SYSTEM" ', N'::1', CAST(N'2022-04-25T10:40:22.570' AS DateTime), -1, N'User "Admin" <admin@futurenhs.co.uk>', N'umbraco/user/save', N'updating LastPasswordChangeDate, RawPasswordValue, SecurityStamp, UpdateDate')
    INSERT [dbo].[umbracoAudit] ([id], [performingUserId], [performingDetails], [performingIp], [eventDateUtc], [affectedUserId], [affectedDetails], [eventType], [eventDetails]) VALUES (3, -1, N'User "Admin" <admin@futurenhs.co.uk>', N'::1', CAST(N'2022-04-25T10:40:22.577' AS DateTime), -1, N'User "Admin" <admin@futurenhs.co.uk>', N'umbraco/user/password/reset', N'password reset')
    INSERT [dbo].[umbracoAudit] ([id], [performingUserId], [performingDetails], [performingIp], [eventDateUtc], [affectedUserId], [affectedDetails], [eventType], [eventDetails]) VALUES (4, 0, N'User "SYSTEM" ', N'::1', CAST(N'2022-04-25T10:40:39.370' AS DateTime), -1, N'User "Admin" <admin@futurenhs.co.uk>', N'umbraco/user/save', N'updating LastLoginDate, UpdateDate')
    INSERT [dbo].[umbracoAudit] ([id], [performingUserId], [performingDetails], [performingIp], [eventDateUtc], [affectedUserId], [affectedDetails], [eventType], [eventDetails]) VALUES (5, -1, N'User "Admin" <admin@futurenhs.co.uk>', N'::1', CAST(N'2022-04-25T10:40:39.377' AS DateTime), -1, N'User "Admin" <admin@futurenhs.co.uk>', N'umbraco/user/sign-in/login', N'login success')
    SET IDENTITY_INSERT [dbo].[umbracoAudit] OFF

    SET IDENTITY_INSERT [dbo].[umbracoCacheInstruction] ON 

    INSERT [dbo].[umbracoCacheInstruction] ([id], [utcStamp], [jsonInstruction], [originated], [instructionCount]) VALUES (1, CAST(N'2022-04-25T10:40:22.583' AS DateTime), N'[{"RefreshType":3,"RefresherId":"e057af6d-2ee6-41f4-8045-3694010f0aa6","GuidId":"00000000-0000-0000-0000-000000000000","IntId":0,"JsonIds":"[-1]","JsonIdCount":1,"JsonPayload":null},{"RefreshType":3,"RefresherId":"e057af6d-2ee6-41f4-8045-3694010f0aa6","GuidId":"00000000-0000-0000-0000-000000000000","IntId":0,"JsonIds":"[-1]","JsonIdCount":1,"JsonPayload":null}]', N'TIM-PC/df926c7f06c354f2735ba944876a356354335ae1 [P11332/D1] 14B07C6F3FA2439F93AE4A066D8CD6D6', 2)
    INSERT [dbo].[umbracoCacheInstruction] ([id], [utcStamp], [jsonInstruction], [originated], [instructionCount]) VALUES (2, CAST(N'2022-04-25T10:40:39.453' AS DateTime), N'[{"RefreshType":3,"RefresherId":"e057af6d-2ee6-41f4-8045-3694010f0aa6","GuidId":"00000000-0000-0000-0000-000000000000","IntId":0,"JsonIds":"[-1]","JsonIdCount":1,"JsonPayload":null}]', N'TIM-PC/df926c7f06c354f2735ba944876a356354335ae1 [P11332/D1] 14B07C6F3FA2439F93AE4A066D8CD6D6', 1)
    SET IDENTITY_INSERT [dbo].[umbracoCacheInstruction] OFF

    INSERT [dbo].[umbracoKeyValue] ([key], [value], [updated]) VALUES (N'Umbraco.Core.Upgrader.State+Umbraco.Core', N'{AD3D3B7F-8E74-45A4-85DB-7FFAD57F9243}', CAST(N'2022-04-25T11:40:21.467' AS DateTime))
    INSERT [dbo].[umbracoKeyValue] ([key], [value], [updated]) VALUES (N'Umbraco.Core.Upgrader.State+uSync', N'65735030-e8f2-4f34-b28a-2201af9792be', CAST(N'2022-04-25T11:40:39.103' AS DateTime))
    INSERT [dbo].[umbracoKeyValue] ([key], [value], [updated]) VALUES (N'Umbraco.Web.PublishedCache.NuCache.Serializer', N'MessagePack', CAST(N'2022-04-25T11:40:39.353' AS DateTime))

    INSERT [dbo].[umbracoLock] ([id], [value], [name]) VALUES (-1000, 1, N'MainDom')
    INSERT [dbo].[umbracoLock] ([id], [value], [name]) VALUES (-340, 1, N'Languages')
    INSERT [dbo].[umbracoLock] ([id], [value], [name]) VALUES (-339, -1, N'KeyValues')
    INSERT [dbo].[umbracoLock] ([id], [value], [name]) VALUES (-338, 1, N'Domains')
    INSERT [dbo].[umbracoLock] ([id], [value], [name]) VALUES (-337, 1, N'MemberTypes')
    INSERT [dbo].[umbracoLock] ([id], [value], [name]) VALUES (-336, 1, N'MediaTypes')
    INSERT [dbo].[umbracoLock] ([id], [value], [name]) VALUES (-335, 1, N'MemberTree')
    INSERT [dbo].[umbracoLock] ([id], [value], [name]) VALUES (-334, 1, N'MediaTree')
    INSERT [dbo].[umbracoLock] ([id], [value], [name]) VALUES (-333, 1, N'ContentTree')
    INSERT [dbo].[umbracoLock] ([id], [value], [name]) VALUES (-332, 1, N'ContentTypes')
    INSERT [dbo].[umbracoLock] ([id], [value], [name]) VALUES (-331, -1, N'Servers')

    SET IDENTITY_INSERT [dbo].[umbracoLogViewerQuery] ON 

    INSERT [dbo].[umbracoLogViewerQuery] ([id], [name], [query]) VALUES (1, N'Find all logs where the Level is NOT Verbose and NOT Debug', N'Not(@Level=''Verbose'') and Not(@Level=''Debug'')')
    INSERT [dbo].[umbracoLogViewerQuery] ([id], [name], [query]) VALUES (2, N'Find all logs that has an exception property (Warning, Error & Fatal with Exceptions)', N'Has(@Exception)')
    INSERT [dbo].[umbracoLogViewerQuery] ([id], [name], [query]) VALUES (3, N'Find all logs that have the property ''Duration''', N'Has(Duration)')
    INSERT [dbo].[umbracoLogViewerQuery] ([id], [name], [query]) VALUES (4, N'Find all logs that have the property ''Duration'' and the duration is greater than 1000ms', N'Has(Duration) and Duration > 1000')
    INSERT [dbo].[umbracoLogViewerQuery] ([id], [name], [query]) VALUES (5, N'Find all logs that are from the namespace ''Umbraco.Core''', N'StartsWith(SourceContext, ''Umbraco.Core'')')
    INSERT [dbo].[umbracoLogViewerQuery] ([id], [name], [query]) VALUES (6, N'Find all logs that use a specific log message template', N'@MessageTemplate = ''[Timing {TimingId}] {EndMessage} ({TimingDuration}ms)''')
    INSERT [dbo].[umbracoLogViewerQuery] ([id], [name], [query]) VALUES (7, N'Find logs where one of the items in the SortedComponentTypes property array is equal to', N'SortedComponentTypes[?] = ''Umbraco.Web.Search.ExamineComponent''')
    INSERT [dbo].[umbracoLogViewerQuery] ([id], [name], [query]) VALUES (8, N'Find logs where one of the items in the SortedComponentTypes property array contains', N'Contains(SortedComponentTypes[?], ''DatabaseServer'')')
    INSERT [dbo].[umbracoLogViewerQuery] ([id], [name], [query]) VALUES (9, N'Find all logs that the message has localhost in it with SQL like', N'@Message like ''%localhost%''')
    INSERT [dbo].[umbracoLogViewerQuery] ([id], [name], [query]) VALUES (10, N'Find all logs that the message that starts with ''end'' in it with SQL like', N'@Message like ''end%''')
    SET IDENTITY_INSERT [dbo].[umbracoLogViewerQuery] OFF

    SET IDENTITY_INSERT [dbo].[umbracoServer] ON 

    INSERT [dbo].[umbracoServer] ([id], [address], [computerName], [registeredDate], [lastNotifiedDate], [isActive], [isSchedulingPublisher]) VALUES (1, N'https://localhost:44323/', N'THIS-PC/df926c7f06c354f2735ba944876a356354335ae1', CAST(N'2022-04-25T11:41:34.320' AS DateTime), CAST(N'2022-04-25T12:09:34.807' AS DateTime), 1, 1)
    SET IDENTITY_INSERT [dbo].[umbracoServer] OFF
END